framework,route,runs,externalJsRequests,externalJsTransferBytes,decodedExternalJsBytes,executableInlineJsBytes,totalJsSourceBytes,nonExecutableScriptBytes,totalPageTransferBytes
Astro,/,3,0,0,0,0,0,0,1656
Astro,/products,3,0,0,0,660,660,0,20365
Astro,/products/1,3,0,0,0,695,695,0,3071
SvelteKit,/,3,9,35173,81947,473,82420,0,39920
SvelteKit,/products,3,10,37357,86558,473,87031,0,59317
SvelteKit,/products/1,3,10,37398,86747,476,87223,0,43282
Qwik,/,3,11,38689,77906,810.6666666666666,78716.66666666667,1611,44631.666666666664
Qwik,/products,3,16,43769,84343,1117,85460,13728,71013
Qwik,/products/1,3,14,40903,79557,985.3333333333334,80542.33333333333,2300,48045
