"Framework","RelativePath","Extension","Bytes"
"Astro","favicon.ico",".ico","655"
"Astro","favicon.svg",".svg","749"
"Astro","images\product-01.svg",".svg","1103"
"Astro","images\product-02.svg",".svg","1162"
"Astro","images\product-03.svg",".svg","925"
"Astro","images\product-04.svg",".svg","929"
"Astro","images\product-05.svg",".svg","931"
"Astro","images\product-06.svg",".svg","889"
"Astro","images\product-07.svg",".svg","943"
"Astro","images\product-08.svg",".svg","956"
"Astro","images\product-09.svg",".svg","932"
"Astro","images\product-10.svg",".svg","965"
"Astro","images\product-11.svg",".svg","1155"
"Astro","images\product-12.svg",".svg","828"
"Astro","images\product-13.svg",".svg","941"
"Astro","images\product-14.svg",".svg","976"
"Astro","images\product-15.svg",".svg","921"
"Astro","index.html",".html","3813"
"Astro","products\1\index.html",".html","6383"
"Astro","products\10\index.html",".html","6350"
"Astro","products\11\index.html",".html","6389"
"Astro","products\12\index.html",".html","6370"
"Astro","products\13\index.html",".html","6373"
"Astro","products\14\index.html",".html","6356"
"Astro","products\15\index.html",".html","6354"
"Astro","products\2\index.html",".html","6350"
"Astro","products\3\index.html",".html","6352"
"Astro","products\4\index.html",".html","6413"
"Astro","products\5\index.html",".html","6362"
"Astro","products\6\index.html",".html","6377"
"Astro","products\7\index.html",".html","6348"
"Astro","products\8\index.html",".html","6351"
"Astro","products\9\index.html",".html","6327"
"Astro","products\index.html",".html","19851"
"Qwik","assets\BrZuW_cT-bundle-graph.json",".json","1449"
"Qwik","assets\HptY5JHv-style.css",".css","5319"
"Qwik","build\q-0Yp5MNeZ.js",".js","165"
"Qwik","build\q-6ap5x88a.js",".js","6999"
"Qwik","build\q-B2tXsguX.js",".js","165"
"Qwik","build\q-B7HUlzLR.js",".js","1737"
"Qwik","build\q-BBa74niC.js",".js","336"
"Qwik","build\q-BffzR1ec.js",".js","2937"
"Qwik","build\q-BGwkMtXL.js",".js","50379"
"Qwik","build\q-BGzyU_1A.js",".js","171"
"Qwik","build\q-BihhsMc7.js",".js","2237"
"Qwik","build\q-BjXt-kku.js",".js","1303"
"Qwik","build\q-BKZ00VYc.js",".js","3729"
"Qwik","build\q-BM6oBUvZ.js",".js","811"
"Qwik","build\q-BpjdNkTP.js",".js","565"
"Qwik","build\q-BWWnGPGg.js",".js","170"
"Qwik","build\q-BzHEnepf.js",".js","398"
"Qwik","build\q-C6dLa05l.js",".js","171"
"Qwik","build\q-Cawa_cAF.js",".js","334"
"Qwik","build\q-CG7MbxBR.js",".js","830"
"Qwik","build\q-D0_uaL53.js",".js","150"
"Qwik","build\q-D54tdL7B.js",".js","2020"
"Qwik","build\q-DAl2cOAW.js",".js","2117"
"Qwik","build\q-DcongVxr.js",".js","542"
"Qwik","build\q-Di5X45_t.js",".js","193"
"Qwik","build\q-Dm4JY0nH.js",".js","297"
"Qwik","build\q-DmUUwK3N.js",".js","1305"
"Qwik","build\q-DntOPMWx.js",".js","958"
"Qwik","build\q-DRthnSQJ.js",".js","300"
"Qwik","build\q-DXp-ozxC.js",".js","1411"
"Qwik","build\q-DzQKcuql.js",".js","7018"
"Qwik","build\q-hat6pnHs.js",".js","171"
"Qwik","build\q-naDMFAHy.js",".js","3100"
"Qwik","build\q-R-izLs1K.js",".js","1124"
"Qwik","build\q-Tir7XdbC.js",".js","231"
"Qwik","build\q-XNKALSYk.js",".js","921"
"Qwik","build\q-yOPhT5lh.js",".js","1106"
"Qwik","favicon.svg",".svg","947"
"Qwik","images\product-01.svg",".svg","1103"
"Qwik","images\product-02.svg",".svg","1162"
"Qwik","images\product-03.svg",".svg","925"
"Qwik","images\product-04.svg",".svg","929"
"Qwik","images\product-05.svg",".svg","931"
"Qwik","images\product-06.svg",".svg","889"
"Qwik","images\product-07.svg",".svg","943"
"Qwik","images\product-08.svg",".svg","956"
"Qwik","images\product-09.svg",".svg","932"
"Qwik","images\product-10.svg",".svg","965"
"Qwik","images\product-11.svg",".svg","1155"
"Qwik","images\product-12.svg",".svg","828"
"Qwik","images\product-13.svg",".svg","941"
"Qwik","images\product-14.svg",".svg","976"
"Qwik","images\product-15.svg",".svg","921"
"Qwik","manifest.json",".json","258"
"Qwik","q-manifest.json",".json","33723"
"Qwik","robots.txt",".txt","0"
"SvelteKit",".vite\manifest.json",".json","3237"
"SvelteKit","_app\immutable\assets\0.CWtWuuw9.css",".css","827"
"SvelteKit","_app\immutable\assets\2._EnNK1Me.css",".css","1129"
"SvelteKit","_app\immutable\assets\3.DwcTvM9y.css",".css","2404"
"SvelteKit","_app\immutable\assets\4.dusfs_aq.css",".css","2159"
"SvelteKit","_app\immutable\chunks\DEovUHYX.js",".js","46684"
"SvelteKit","_app\immutable\chunks\Dm2opH8Z.js",".js","26177"
"SvelteKit","_app\immutable\chunks\kNaey6uv.js",".js","1208"
"SvelteKit","_app\immutable\chunks\l9rtdfWx.js",".js","2934"
"SvelteKit","_app\immutable\chunks\xihTtKlq.js",".js","65"
"SvelteKit","_app\immutable\entry\app.DGC1C_Yt.js",".js","3076"
"SvelteKit","_app\immutable\entry\start.Be0IUYdB.js",".js","77"
"SvelteKit","_app\immutable\nodes\0.B5LEayJl.js",".js","2827"
"SvelteKit","_app\immutable\nodes\1.COQyO-t8.js",".js","628"
"SvelteKit","_app\immutable\nodes\2.CA7_PBT-.js",".js","1205"
"SvelteKit","_app\immutable\nodes\3.D36SEDcA.js",".js","2882"
"SvelteKit","_app\immutable\nodes\4.Ba8bLgrR.js",".js","3071"
"SvelteKit","_app\version.json",".json","27"
"SvelteKit","images\product-01.svg",".svg","1103"
"SvelteKit","images\product-02.svg",".svg","1162"
"SvelteKit","images\product-03.svg",".svg","925"
"SvelteKit","images\product-04.svg",".svg","929"
"SvelteKit","images\product-05.svg",".svg","931"
"SvelteKit","images\product-06.svg",".svg","889"
"SvelteKit","images\product-07.svg",".svg","943"
"SvelteKit","images\product-08.svg",".svg","956"
"SvelteKit","images\product-09.svg",".svg","932"
"SvelteKit","images\product-10.svg",".svg","965"
"SvelteKit","images\product-11.svg",".svg","1155"
"SvelteKit","images\product-12.svg",".svg","828"
"SvelteKit","images\product-13.svg",".svg","941"
"SvelteKit","images\product-14.svg",".svg","976"
"SvelteKit","images\product-15.svg",".svg","921"
"SvelteKit","robots.txt",".txt","63"
